"SettlementPoint","Year","Month","AveragePrice"
"HB_BUSAVG","2016","01",19.2093010752688
"HB_BUSAVG","2016","02",15.2882471264368
"HB_BUSAVG","2016","03",16.7556258411844
"HB_BUSAVG","2016","04",18.2893472222222
"HB_BUSAVG","2016","05",18.1595833333333
"HB_BUSAVG","2016","06",23.9098194444444
"HB_BUSAVG","2016","07",27.1874731182796
"HB_BUSAVG","2016","08",30.5671370967742
"HB_BUSAVG","2016","09",26.86175
"HB_BUSAVG","2016","10",25.2048387096774
"HB_BUSAVG","2016","11",19.2449027777778
"HB_BUSAVG","2016","12",25.3183064516129
"HB_BUSAVG","2017","01",23.2527822580645
"HB_BUSAVG","2017","02",20.1178273809524
"HB_BUSAVG","2017","03",22.5698923283984
"HB_BUSAVG","2017","04",23.7050833333333
"HB_BUSAVG","2017","05",25.0873521505376
"HB_BUSAVG","2017","06",27.6691527777778
"HB_BUSAVG","2017","07",31.4542741935484
"HB_BUSAVG","2017","08",27.5070161290323
"HB_BUSAVG","2017","09",24.1841666666667
"HB_BUSAVG","2017","10",23.5632795698925
"HB_BUSAVG","2017","11",22.6774583333333
"HB_BUSAVG","2017","12",21.1879569892473
"HB_BUSAVG","2018","01",37.8696774193548
"HB_BUSAVG","2018","02",21.8543154761905
"HB_BUSAVG","2018","03",22.5619784656797
"HB_BUSAVG","2018","04",23.1429583333333
"HB_BUSAVG","2018","05",34.0052419354839
"HB_BUSAVG","2018","06",29.966125
"HB_BUSAVG","2018","07",78.8594489247312
"HB_BUSAVG","2018","08",31.6615591397849
"HB_BUSAVG","2018","09",27.1754444444444
"HB_BUSAVG","2018","10",29.9578225806452
"HB_BUSAVG","2018","11",30.6445
"HB_BUSAVG","2018","12",30.268185483871
"HB_BUSAVG","2019","01",24.5925672043011
"HB_BUSAVG","2019","02",21.186369047619
"HB_BUSAVG","2019","03",27.5657200538358
"HB_BUSAVG","2019","04",22.6131805555556
"HB_BUSAVG","2019","05",23.9599327956989
"HB_BUSAVG","2019","06",25.0855416666667
"HB_BUSAVG","2019","07",29.729623655914
"HB_BUSAVG","2019","08",126.384086021505
"HB_BUSAVG","2019","09",79.615625
"HB_BUSAVG","2019","10",28.2470564516129
"HB_BUSAVG","2019","11",23.468375
"HB_BUSAVG","2019","12",18.7150806451613
"HB_HOUSTON","2016","01",19.5657258064516
"HB_HOUSTON","2016","02",15.4645402298851
"HB_HOUSTON","2016","03",17.1249528936743
"HB_HOUSTON","2016","04",18.9409583333333
"HB_HOUSTON","2016","05",19.1740860215054
"HB_HOUSTON","2016","06",26.2557361111111
"HB_HOUSTON","2016","07",29.5389247311828
"HB_HOUSTON","2016","08",32.9725403225806
"HB_HOUSTON","2016","09",28.7424166666667
"HB_HOUSTON","2016","10",28.2495564516129
"HB_HOUSTON","2016","11",20.3659305555556
"HB_HOUSTON","2016","12",25.7276612903226
"HB_HOUSTON","2017","01",24.7818548387097
"HB_HOUSTON","2017","02",23.2657142857143
"HB_HOUSTON","2017","03",28.2132974427995
"HB_HOUSTON","2017","04",32.2957361111111
"HB_HOUSTON","2017","05",31.5331720430108
"HB_HOUSTON","2017","06",33.1683472222222
"HB_HOUSTON","2017","07",34.3758333333333
"HB_HOUSTON","2017","08",29.4017204301075
"HB_HOUSTON","2017","09",26.5429444444444
"HB_HOUSTON","2017","10",30.1412365591398
"HB_HOUSTON","2017","11",26.0910555555556
"HB_HOUSTON","2017","12",21.5490053763441
"HB_HOUSTON","2018","01",37.9447849462366
"HB_HOUSTON","2018","02",22.1641071428571
"HB_HOUSTON","2018","03",23.7825437415882
"HB_HOUSTON","2018","04",24.6526944444444
"HB_HOUSTON","2018","05",34.1475537634409
"HB_HOUSTON","2018","06",30.6284861111111
"HB_HOUSTON","2018","07",79.0340456989247
"HB_HOUSTON","2018","08",31.944247311828
"HB_HOUSTON","2018","09",27.5813611111111
"HB_HOUSTON","2018","10",30.981935483871
"HB_HOUSTON","2018","11",31.3192361111111
"HB_HOUSTON","2018","12",30.3335483870968
"HB_HOUSTON","2019","01",25.4260349462366
"HB_HOUSTON","2019","02",21.5078125
"HB_HOUSTON","2019","03",27.8320323014805
"HB_HOUSTON","2019","04",23.8706527777778
"HB_HOUSTON","2019","05",24.7942741935484
"HB_HOUSTON","2019","06",26.8976805555556
"HB_HOUSTON","2019","07",29.9110080645161
"HB_HOUSTON","2019","08",126.625336021505
"HB_HOUSTON","2019","09",80.5876527777778
"HB_HOUSTON","2019","10",30.3936021505376
"HB_HOUSTON","2019","11",24.0215
"HB_HOUSTON","2019","12",18.6725
"HB_HUBAVG","2016","01",19.2586962365591
"HB_HUBAVG","2016","02",15.2692528735632
"HB_HUBAVG","2016","03",16.6543472409152
"HB_HUBAVG","2016","04",18.1668611111111
"HB_HUBAVG","2016","05",18.247002688172
"HB_HUBAVG","2016","06",24.2978472222222
"HB_HUBAVG","2016","07",27.4592069892473
"HB_HUBAVG","2016","08",30.9485349462366
"HB_HUBAVG","2016","09",27.1881388888889
"HB_HUBAVG","2016","10",25.7690591397849
"HB_HUBAVG","2016","11",19.4893055555556
"HB_HUBAVG","2016","12",25.3625940860215
"HB_HUBAVG","2017","01",23.3255510752688
"HB_HUBAVG","2017","02",20.3521279761905
"HB_HUBAVG","2017","03",23.2332301480485
"HB_HUBAVG","2017","04",24.8304861111111
"HB_HUBAVG","2017","05",25.9050268817204
"HB_HUBAVG","2017","06",28.5138472222222
"HB_HUBAVG","2017","07",31.8644086021505
"HB_HUBAVG","2017","08",27.8386155913979
"HB_HUBAVG","2017","09",24.5196944444444
"HB_HUBAVG","2017","10",24.7014516129032
"HB_HUBAVG","2017","11",23.1671388888889
"HB_HUBAVG","2017","12",21.2098521505376
"HB_HUBAVG","2018","01",37.7730376344086
"HB_HUBAVG","2018","02",21.8300595238095
"HB_HUBAVG","2018","03",22.4034320323015
"HB_HUBAVG","2018","04",22.4503055555556
"HB_HUBAVG","2018","05",32.8348521505376
"HB_HUBAVG","2018","06",29.7818611111111
"HB_HUBAVG","2018","07",78.8323252688172
"HB_HUBAVG","2018","08",31.6945833333333
"HB_HUBAVG","2018","09",27.0530277777778
"HB_HUBAVG","2018","10",29.8891129032258
"HB_HUBAVG","2018","11",30.2772083333333
"HB_HUBAVG","2018","12",30.1919892473118
"HB_HUBAVG","2019","01",24.6834005376344
"HB_HUBAVG","2019","02",21.2506398809524
"HB_HUBAVG","2019","03",27.1890309555855
"HB_HUBAVG","2019","04",22.2211666666667
"HB_HUBAVG","2019","05",23.8837634408602
"HB_HUBAVG","2019","06",25.1715416666667
"HB_HUBAVG","2019","07",29.6962365591398
"HB_HUBAVG","2019","08",126.349838709677
"HB_HUBAVG","2019","09",79.4591944444444
"HB_HUBAVG","2019","10",28.1317607526882
"HB_HUBAVG","2019","11",23.2572361111111
"HB_HUBAVG","2019","12",18.623373655914
"HB_NORTH","2016","01",19.1333064516129
"HB_NORTH","2016","02",15.292658045977
"HB_NORTH","2016","03",16.8593674293405
"HB_NORTH","2016","04",18.3506666666667
"HB_NORTH","2016","05",17.9056317204301
"HB_NORTH","2016","06",23.1580555555556
"HB_NORTH","2016","07",26.8007930107527
"HB_NORTH","2016","08",29.8283870967742
"HB_NORTH","2016","09",26.2491805555556
"HB_NORTH","2016","10",24.0052553763441
"HB_NORTH","2016","11",18.6648888888889
"HB_NORTH","2016","12",25.1490456989247
"HB_NORTH","2017","01",22.9918548387097
"HB_NORTH","2017","02",19.4481994047619
"HB_NORTH","2017","03",21.2277792732167
"HB_NORTH","2017","04",21.4105555555556
"HB_NORTH","2017","05",23.4199193548387
"HB_NORTH","2017","06",25.8905694444444
"HB_NORTH","2017","07",30.654314516129
"HB_NORTH","2017","08",26.8327284946237
"HB_NORTH","2017","09",23.3461111111111
"HB_NORTH","2017","10",21.4059005376344
"HB_NORTH","2017","11",21.5962083333333
"HB_NORTH","2017","12",20.952997311828
"HB_NORTH","2018","01",37.5859005376344
"HB_NORTH","2018","02",21.7670238095238
"HB_NORTH","2018","03",22.6080080753701
"HB_NORTH","2018","04",23.5229166666667
"HB_NORTH","2018","05",35.3061424731183
"HB_NORTH","2018","06",30.2118888888889
"HB_NORTH","2018","07",78.9684543010753
"HB_NORTH","2018","08",31.6030510752688
"HB_NORTH","2018","09",27.2996388888889
"HB_NORTH","2018","10",30.0341666666667
"HB_NORTH","2018","11",31.2348888888889
"HB_NORTH","2018","12",30.3982661290323
"HB_NORTH","2019","01",24.3326344086021
"HB_NORTH","2019","02",20.8649553571429
"HB_NORTH","2019","03",28.1037146702557
"HB_NORTH","2019","04",22.9974027777778
"HB_NORTH","2019","05",23.9788844086022
"HB_NORTH","2019","06",25.1758194444444
"HB_NORTH","2019","07",29.7812903225806
"HB_NORTH","2019","08",126.52185483871
"HB_NORTH","2019","09",79.9195833333333
"HB_NORTH","2019","10",27.9959677419355
"HB_NORTH","2019","11",23.6286111111111
"HB_NORTH","2019","12",18.7319892473118
"HB_PAN","2019","04",16.5487666666667
"HB_PAN","2019","05",16.4143279569892
"HB_PAN","2019","06",20.7313194444444
"HB_PAN","2019","07",28.3845698924731
"HB_PAN","2019","08",124.991733870968
"HB_PAN","2019","09",72.8532916666667
"HB_PAN","2019","10",18.7167607526882
"HB_PAN","2019","11",11.6612916666667
"HB_PAN","2019","12",8.81724462365591
"HB_SOUTH","2016","01",19.2100537634409
"HB_SOUTH","2016","02",15.333591954023
"HB_SOUTH","2016","03",16.7631090174966
"HB_SOUTH","2016","04",18.5129027777778
"HB_SOUTH","2016","05",18.5704569892473
"HB_SOUTH","2016","06",24.645375
"HB_SOUTH","2016","07",26.9602553763441
"HB_SOUTH","2016","08",31.2079704301075
"HB_SOUTH","2016","09",27.4055694444444
"HB_SOUTH","2016","10",26.6896639784946
"HB_SOUTH","2016","11",20.1488333333333
"HB_SOUTH","2016","12",25.7089919354839
"HB_SOUTH","2017","01",23.624811827957
"HB_SOUTH","2017","02",21.0793601190476
"HB_SOUTH","2017","03",23.6807537012113
"HB_SOUTH","2017","04",25.6094027777778
"HB_SOUTH","2017","05",26.4950134408602
"HB_SOUTH","2017","06",29.6546944444444
"HB_SOUTH","2017","07",32.1294623655914
"HB_SOUTH","2017","08",28.3150268817204
"HB_SOUTH","2017","09",25.5150972222222
"HB_SOUTH","2017","10",25.5636559139785
"HB_SOUTH","2017","11",23.9771805555556
"HB_SOUTH","2017","12",21.9979166666667
"HB_SOUTH","2018","01",39.4981451612903
"HB_SOUTH","2018","02",22.3063988095238
"HB_SOUTH","2018","03",22.8884522207268
"HB_SOUTH","2018","04",24.4718888888889
"HB_SOUTH","2018","05",34.2260752688172
"HB_SOUTH","2018","06",30.0686388888889
"HB_SOUTH","2018","07",78.8473790322581
"HB_SOUTH","2018","08",31.6675268817204
"HB_SOUTH","2018","09",27.1898055555556
"HB_SOUTH","2018","10",29.7725134408602
"HB_SOUTH","2018","11",29.8371805555556
"HB_SOUTH","2018","12",30.0893010752688
"HB_SOUTH","2019","01",25.086061827957
"HB_SOUTH","2019","02",22.1256398809524
"HB_SOUTH","2019","03",27.1355585464334
"HB_SOUTH","2019","04",22.4633333333333
"HB_SOUTH","2019","05",24.0599462365591
"HB_SOUTH","2019","06",23.9043611111111
"HB_SOUTH","2019","07",29.6375
"HB_SOUTH","2019","08",125.936545698925
"HB_SOUTH","2019","09",78.9004722222222
"HB_SOUTH","2019","10",29.4684005376344
"HB_SOUTH","2019","11",23.7185555555556
"HB_SOUTH","2019","12",18.9525134408602
"HB_WEST","2016","01",19.1265591397849
"HB_WEST","2016","02",14.9886637931034
"HB_WEST","2016","03",15.871668909825
"HB_WEST","2016","04",16.86275
"HB_WEST","2016","05",17.3376747311828
"HB_WEST","2016","06",23.1419305555556
"HB_WEST","2016","07",26.543561827957
"HB_WEST","2016","08",29.7867338709677
"HB_WEST","2016","09",26.35425
"HB_WEST","2016","10",24.113938172043
"HB_WEST","2016","11",18.7784166666667
"HB_WEST","2016","12",24.8626612903226
"HB_WEST","2017","01",21.9017204301075
"HB_WEST","2017","02",17.616681547619
"HB_WEST","2017","03",19.8135935397039
"HB_WEST","2017","04",19.9960972222222
"HB_WEST","2017","05",22.1666129032258
"HB_WEST","2017","06",25.3316944444444
"HB_WEST","2017","07",30.2936424731183
"HB_WEST","2017","08",26.8170430107527
"HB_WEST","2017","09",22.6788194444444
"HB_WEST","2017","10",21.6938306451613
"HB_WEST","2017","11",21.0017916666667
"HB_WEST","2017","12",20.3380376344086
"HB_WEST","2018","01",36.0516397849462
"HB_WEST","2018","02",21.0876041666667
"HB_WEST","2018","03",20.3336204576043
"HB_WEST","2018","04",17.156625
"HB_WEST","2018","05",27.6920161290323
"HB_WEST","2018","06",28.2770277777778
"HB_WEST","2018","07",78.5175537634409
"HB_WEST","2018","08",31.5601209677419
"HB_WEST","2018","09",26.1395972222222
"HB_WEST","2018","10",28.7613306451613
"HB_WEST","2018","11",28.71525
"HB_WEST","2018","12",29.9440053763441
"HB_WEST","2019","01",23.8815456989247
"HB_WEST","2019","02",20.4911607142857
"HB_WEST","2019","03",25.6696769851952
"HB_WEST","2019","04",19.551875
"HB_WEST","2019","05",22.7026612903226
"HB_WEST","2019","06",24.7085555555556
"HB_WEST","2019","07",29.4554704301075
"HB_WEST","2019","08",126.315282258065
"HB_WEST","2019","09",78.42925
"HB_WEST","2019","10",24.6681317204301
"HB_WEST","2019","11",21.6602638888889
"HB_WEST","2019","12",18.1364247311828
"LZ_AEN","2016","01",19.3246639784946
"LZ_AEN","2016","02",15.4482902298851
"LZ_AEN","2016","03",16.8550740242261
"LZ_AEN","2016","04",18.2560694444444
"LZ_AEN","2016","05",18.1249059139785
"LZ_AEN","2016","06",24.2375138888889
"LZ_AEN","2016","07",27.9761021505376
"LZ_AEN","2016","08",30.6995161290323
"LZ_AEN","2016","09",26.7108611111111
"LZ_AEN","2016","10",25.6229032258064
"LZ_AEN","2016","11",19.6400416666667
"LZ_AEN","2016","12",25.8701747311828
"LZ_AEN","2017","01",23.4044758064516
"LZ_AEN","2017","02",20.6053273809524
"LZ_AEN","2017","03",22.9970121130552
"LZ_AEN","2017","04",24.1180833333333
"LZ_AEN","2017","05",25.2938440860215
"LZ_AEN","2017","06",27.9166388888889
"LZ_AEN","2017","07",31.401438172043
"LZ_AEN","2017","08",27.4656182795699
"LZ_AEN","2017","09",24.6288055555556
"LZ_AEN","2017","10",24.0199059139785
"LZ_AEN","2017","11",23.0194444444444
"LZ_AEN","2017","12",21.0629301075269
"LZ_AEN","2018","01",38.8379838709677
"LZ_AEN","2018","02",21.9138839285714
"LZ_AEN","2018","03",22.2028263795424
"LZ_AEN","2018","04",22.1884861111111
"LZ_AEN","2018","05",33.1661693548387
"LZ_AEN","2018","06",30.286125
"LZ_AEN","2018","07",78.9513709677419
"LZ_AEN","2018","08",31.7321370967742
"LZ_AEN","2018","09",27.1673055555556
"LZ_AEN","2018","10",30.31
"LZ_AEN","2018","11",30.4680833333333
"LZ_AEN","2018","12",30.0947580645161
"LZ_AEN","2019","01",25.1079569892473
"LZ_AEN","2019","02",21.5138095238095
"LZ_AEN","2019","03",27.7421803499327
"LZ_AEN","2019","04",23.2703472222222
"LZ_AEN","2019","05",24.6762365591398
"LZ_AEN","2019","06",24.4167916666667
"LZ_AEN","2019","07",29.7090860215054
"LZ_AEN","2019","08",126.526922043011
"LZ_AEN","2019","09",80.1695972222222
"LZ_AEN","2019","10",29.2804435483871
"LZ_AEN","2019","11",24.4080138888889
"LZ_AEN","2019","12",19.0517069892473
"LZ_CPS","2016","01",19.3538440860215
"LZ_CPS","2016","02",15.5200143678161
"LZ_CPS","2016","03",16.8981830417227
"LZ_CPS","2016","04",19.0693611111111
"LZ_CPS","2016","05",18.4798655913979
"LZ_CPS","2016","06",24.9580694444444
"LZ_CPS","2016","07",27.9679569892473
"LZ_CPS","2016","08",31.3065725806452
"LZ_CPS","2016","09",28.13025
"LZ_CPS","2016","10",26.2502956989247
"LZ_CPS","2016","11",21.7146666666667
"LZ_CPS","2016","12",26.5964247311828
"LZ_CPS","2017","01",23.7725672043011
"LZ_CPS","2017","02",20.9194791666667
"LZ_CPS","2017","03",23.8615477792732
"LZ_CPS","2017","04",25.3379027777778
"LZ_CPS","2017","05",26.5370295698925
"LZ_CPS","2017","06",30.416
"LZ_CPS","2017","07",32.1152956989247
"LZ_CPS","2017","08",28.1375672043011
"LZ_CPS","2017","09",25.1366527777778
"LZ_CPS","2017","10",25.2759543010753
"LZ_CPS","2017","11",23.5725694444444
"LZ_CPS","2017","12",22.048373655914
"LZ_CPS","2018","01",41.312876344086
"LZ_CPS","2018","02",22.5173958333333
"LZ_CPS","2018","03",25.2892732166891
"LZ_CPS","2018","04",26.535375
"LZ_CPS","2018","05",36.0555913978495
"LZ_CPS","2018","06",30.7272777777778
"LZ_CPS","2018","07",79.124435483871
"LZ_CPS","2018","08",31.865685483871
"LZ_CPS","2018","09",27.5129861111111
"LZ_CPS","2018","10",31.6359677419355
"LZ_CPS","2018","11",32.0412083333333
"LZ_CPS","2018","12",30.3092204301075
"LZ_CPS","2019","01",26.7983333333333
"LZ_CPS","2019","02",24.110119047619
"LZ_CPS","2019","03",29.3516958277254
"LZ_CPS","2019","04",25.3635972222222
"LZ_CPS","2019","05",26.2460752688172
"LZ_CPS","2019","06",26.3912916666667
"LZ_CPS","2019","07",30.6671774193548
"LZ_CPS","2019","08",127.696209677419
"LZ_CPS","2019","09",82.4363472222222
"LZ_CPS","2019","10",33.5536021505376
"LZ_CPS","2019","11",25.5751388888889
"LZ_CPS","2019","12",19.9978629032258
"LZ_HOUSTON","2016","01",19.563938172043
"LZ_HOUSTON","2016","02",15.4879885057471
"LZ_HOUSTON","2016","03",17.2067294751009
"LZ_HOUSTON","2016","04",19.1289305555556
"LZ_HOUSTON","2016","05",19.9039919354839
"LZ_HOUSTON","2016","06",29.9150833333333
"LZ_HOUSTON","2016","07",29.9118682795699
"LZ_HOUSTON","2016","08",33.5635483870968
"LZ_HOUSTON","2016","09",29.0326805555556
"LZ_HOUSTON","2016","10",28.5458198924731
"LZ_HOUSTON","2016","11",20.4376805555556
"LZ_HOUSTON","2016","12",25.7368413978495
"LZ_HOUSTON","2017","01",24.8273655913979
"LZ_HOUSTON","2017","02",23.5172172619048
"LZ_HOUSTON","2017","03",28.7420053835801
"LZ_HOUSTON","2017","04",32.9670694444444
"LZ_HOUSTON","2017","05",32.3626478494624
"LZ_HOUSTON","2017","06",33.6689166666667
"LZ_HOUSTON","2017","07",34.7258333333333
"LZ_HOUSTON","2017","08",30.0314784946237
"LZ_HOUSTON","2017","09",27.4100277777778
"LZ_HOUSTON","2017","10",31.3393817204301
"LZ_HOUSTON","2017","11",26.339625
"LZ_HOUSTON","2017","12",21.9797849462366
"LZ_HOUSTON","2018","01",38.0449865591398
"LZ_HOUSTON","2018","02",22.3758482142857
"LZ_HOUSTON","2018","03",23.9334589502019
"LZ_HOUSTON","2018","04",24.7283472222222
"LZ_HOUSTON","2018","05",35.5330376344086
"LZ_HOUSTON","2018","06",31.8023472222222
"LZ_HOUSTON","2018","07",79.5665322580645
"LZ_HOUSTON","2018","08",32.159623655914
"LZ_HOUSTON","2018","09",27.7224166666667
"LZ_HOUSTON","2018","10",31.7811155913978
"LZ_HOUSTON","2018","11",31.7303333333333
"LZ_HOUSTON","2018","12",30.4620698924731
"LZ_HOUSTON","2019","01",25.5500806451613
"LZ_HOUSTON","2019","02",21.644255952381
"LZ_HOUSTON","2019","03",28.0803230148048
"LZ_HOUSTON","2019","04",24.2645833333333
"LZ_HOUSTON","2019","05",25.1536155913978
"LZ_HOUSTON","2019","06",27.2267361111111
"LZ_HOUSTON","2019","07",30.013064516129
"LZ_HOUSTON","2019","08",126.693387096774
"LZ_HOUSTON","2019","09",80.7792916666667
"LZ_HOUSTON","2019","10",30.6423790322581
"LZ_HOUSTON","2019","11",24.1816111111111
"LZ_HOUSTON","2019","12",18.9198521505376
"LZ_LCRA","2016","01",19.3174596774194
"LZ_LCRA","2016","02",15.4885488505747
"LZ_LCRA","2016","03",16.7962987886945
"LZ_LCRA","2016","04",18.3927083333333
"LZ_LCRA","2016","05",18.1827822580645
"LZ_LCRA","2016","06",24.1644166666667
"LZ_LCRA","2016","07",27.5922177419355
"LZ_LCRA","2016","08",31.1755779569892
"LZ_LCRA","2016","09",27.0399444444444
"LZ_LCRA","2016","10",26.0684408602151
"LZ_LCRA","2016","11",19.5416805555556
"LZ_LCRA","2016","12",25.487876344086
"LZ_LCRA","2017","01",23.4362768817204
"LZ_LCRA","2017","02",20.660818452381
"LZ_LCRA","2017","03",23.437133243607
"LZ_LCRA","2017","04",24.4774166666667
"LZ_LCRA","2017","05",25.6379569892473
"LZ_LCRA","2017","06",28.6390833333333
"LZ_LCRA","2017","07",31.9057123655914
"LZ_LCRA","2017","08",27.6780107526882
"LZ_LCRA","2017","09",24.8134305555556
"LZ_LCRA","2017","10",24.4842607526882
"LZ_LCRA","2017","11",23.047125
"LZ_LCRA","2017","12",21.1176612903226
"LZ_LCRA","2018","01",38.9925672043011
"LZ_LCRA","2018","02",21.7622470238095
"LZ_LCRA","2018","03",22.0513055181696
"LZ_LCRA","2018","04",22.6440277777778
"LZ_LCRA","2018","05",34.7354032258065
"LZ_LCRA","2018","06",30.3655555555556
"LZ_LCRA","2018","07",79.0699462365591
"LZ_LCRA","2018","08",31.8079704301075
"LZ_LCRA","2018","09",27.1872638888889
"LZ_LCRA","2018","10",30.0698790322581
"LZ_LCRA","2018","11",30.5158055555556
"LZ_LCRA","2018","12",30.5826612903226
"LZ_LCRA","2019","01",24.9363037634409
"LZ_LCRA","2019","02",21.6669791666667
"LZ_LCRA","2019","03",27.6493135935397
"LZ_LCRA","2019","04",23.3147638888889
"LZ_LCRA","2019","05",24.5086827956989
"LZ_LCRA","2019","06",24.5195416666667
"LZ_LCRA","2019","07",29.7479166666667
"LZ_LCRA","2019","08",126.670766129032
"LZ_LCRA","2019","09",82.4672361111111
"LZ_LCRA","2019","10",29.0158064516129
"LZ_LCRA","2019","11",24.4852222222222
"LZ_LCRA","2019","12",19.4568817204301
"LZ_NORTH","2016","01",19.187997311828
"LZ_NORTH","2016","02",15.4622126436782
"LZ_NORTH","2016","03",17.4615074024226
"LZ_NORTH","2016","04",19.0876388888889
"LZ_NORTH","2016","05",18.1828897849462
"LZ_NORTH","2016","06",23.5626805555556
"LZ_NORTH","2016","07",27.4157795698925
"LZ_NORTH","2016","08",30.1485752688172
"LZ_NORTH","2016","09",26.6058611111111
"LZ_NORTH","2016","10",24.5326612903226
"LZ_NORTH","2016","11",18.8305138888889
"LZ_NORTH","2016","12",25.28625
"LZ_NORTH","2017","01",23.6030241935484
"LZ_NORTH","2017","02",19.5500148809524
"LZ_NORTH","2017","03",21.8394078061911
"LZ_NORTH","2017","04",21.9758055555556
"LZ_NORTH","2017","05",24.5575134408602
"LZ_NORTH","2017","06",26.8937361111111
"LZ_NORTH","2017","07",31.1868413978495
"LZ_NORTH","2017","08",27.0603629032258
"LZ_NORTH","2017","09",23.9684027777778
"LZ_NORTH","2017","10",21.9384274193548
"LZ_NORTH","2017","11",22.2631666666667
"LZ_NORTH","2017","12",21.4081317204301
"LZ_NORTH","2018","01",37.7285215053763
"LZ_NORTH","2018","02",21.8404613095238
"LZ_NORTH","2018","03",22.6405518169583
"LZ_NORTH","2018","04",24.3668888888889
"LZ_NORTH","2018","05",37.4518817204301
"LZ_NORTH","2018","06",31.3016111111111
"LZ_NORTH","2018","07",79.8461827956989
"LZ_NORTH","2018","08",31.9715860215054
"LZ_NORTH","2018","09",27.8858472222222
"LZ_NORTH","2018","10",31.6454166666667
"LZ_NORTH","2018","11",31.974125
"LZ_NORTH","2018","12",31.1319489247312
"LZ_NORTH","2019","01",24.3678360215054
"LZ_NORTH","2019","02",20.8511458333333
"LZ_NORTH","2019","03",28.5940376850606
"LZ_NORTH","2019","04",23.7184305555556
"LZ_NORTH","2019","05",24.0114516129032
"LZ_NORTH","2019","06",25.2079166666667
"LZ_NORTH","2019","07",29.8349462365591
"LZ_NORTH","2019","08",126.600913978495
"LZ_NORTH","2019","09",80.7741527777778
"LZ_NORTH","2019","10",28.7329435483871
"LZ_NORTH","2019","11",24.1536111111111
"LZ_NORTH","2019","12",19.0068010752688
"LZ_RAYBN","2016","01",19.4479435483871
"LZ_RAYBN","2016","02",15.4004310344828
"LZ_RAYBN","2016","03",17.1172409152086
"LZ_RAYBN","2016","04",18.8553611111111
"LZ_RAYBN","2016","05",18.3209946236559
"LZ_RAYBN","2016","06",23.3159444444444
"LZ_RAYBN","2016","07",27.4710752688172
"LZ_RAYBN","2016","08",30.1497580645161
"LZ_RAYBN","2016","09",26.4702638888889
"LZ_RAYBN","2016","10",24.4525134408602
"LZ_RAYBN","2016","11",18.8753194444444
"LZ_RAYBN","2016","12",25.3195564516129
"LZ_RAYBN","2017","01",23.3901075268817
"LZ_RAYBN","2017","02",20.3691517857143
"LZ_RAYBN","2017","03",21.9071601615074
"LZ_RAYBN","2017","04",22.2134305555556
"LZ_RAYBN","2017","05",24.0013306451613
"LZ_RAYBN","2017","06",26.1250416666667
"LZ_RAYBN","2017","07",30.760497311828
"LZ_RAYBN","2017","08",26.8248252688172
"LZ_RAYBN","2017","09",23.5356805555556
"LZ_RAYBN","2017","10",21.3799327956989
"LZ_RAYBN","2017","11",21.8291805555556
"LZ_RAYBN","2017","12",21.3126075268817
"LZ_RAYBN","2018","01",39.3701478494624
"LZ_RAYBN","2018","02",22.4031696428571
"LZ_RAYBN","2018","03",23.8057065948856
"LZ_RAYBN","2018","04",27.198875
"LZ_RAYBN","2018","05",40.95125
"LZ_RAYBN","2018","06",31.9455833333333
"LZ_RAYBN","2018","07",84.9019086021505
"LZ_RAYBN","2018","08",32.5187231182796
"LZ_RAYBN","2018","09",27.6808888888889
"LZ_RAYBN","2018","10",30.6249596774194
"LZ_RAYBN","2018","11",33.4524444444444
"LZ_RAYBN","2018","12",31.5535349462366
"LZ_RAYBN","2019","01",24.4114919354839
"LZ_RAYBN","2019","02",21.0662797619048
"LZ_RAYBN","2019","03",29.809798115747
"LZ_RAYBN","2019","04",24.9983055555556
"LZ_RAYBN","2019","05",24.7881586021505
"LZ_RAYBN","2019","06",25.4585138888889
"LZ_RAYBN","2019","07",30.0297177419355
"LZ_RAYBN","2019","08",126.897889784946
"LZ_RAYBN","2019","09",80.6986388888889
"LZ_RAYBN","2019","10",28.5543817204301
"LZ_RAYBN","2019","11",24.5175694444444
"LZ_RAYBN","2019","12",19.0850672043011
"LZ_SOUTH","2016","01",19.4817204301075
"LZ_SOUTH","2016","02",15.9358620689655
"LZ_SOUTH","2016","03",19.5211440107672
"LZ_SOUTH","2016","04",20.738
"LZ_SOUTH","2016","05",20.691747311828
"LZ_SOUTH","2016","06",27.4716527777778
"LZ_SOUTH","2016","07",28.8895833333333
"LZ_SOUTH","2016","08",31.8233064516129
"LZ_SOUTH","2016","09",28.7620138888889
"LZ_SOUTH","2016","10",30.0310349462366
"LZ_SOUTH","2016","11",20.6333888888889
"LZ_SOUTH","2016","12",26.3268413978495
"LZ_SOUTH","2017","01",25.1554838709677
"LZ_SOUTH","2017","02",21.7936904761905
"LZ_SOUTH","2017","03",26.5282099596232
"LZ_SOUTH","2017","04",28.5498888888889
"LZ_SOUTH","2017","05",29.9797311827957
"LZ_SOUTH","2017","06",36.7834444444444
"LZ_SOUTH","2017","07",34.1932930107527
"LZ_SOUTH","2017","08",33.4578494623656
"LZ_SOUTH","2017","09",28.3303472222222
"LZ_SOUTH","2017","10",28.4640188172043
"LZ_SOUTH","2017","11",27.8657222222222
"LZ_SOUTH","2017","12",25.4042204301075
"LZ_SOUTH","2018","01",46.1325672043011
"LZ_SOUTH","2018","02",25.1970386904762
"LZ_SOUTH","2018","03",26.7599730820996
"LZ_SOUTH","2018","04",28.1869722222222
"LZ_SOUTH","2018","05",41.2744220430108
"LZ_SOUTH","2018","06",32.2586805555556
"LZ_SOUTH","2018","07",80.4475672043011
"LZ_SOUTH","2018","08",33.6906317204301
"LZ_SOUTH","2018","09",28.3837638888889
"LZ_SOUTH","2018","10",32.1269758064516
"LZ_SOUTH","2018","11",33.5444861111111
"LZ_SOUTH","2018","12",32.1127284946237
"LZ_SOUTH","2019","01",27.0579032258065
"LZ_SOUTH","2019","02",23.7289583333333
"LZ_SOUTH","2019","03",30.5294885598923
"LZ_SOUTH","2019","04",27.1478333333333
"LZ_SOUTH","2019","05",27.2109946236559
"LZ_SOUTH","2019","06",27.2595972222222
"LZ_SOUTH","2019","07",31.1321639784946
"LZ_SOUTH","2019","08",127.109018817204
"LZ_SOUTH","2019","09",81.0091111111111
"LZ_SOUTH","2019","10",32.9421102150538
"LZ_SOUTH","2019","11",25.8037083333333
"LZ_SOUTH","2019","12",19.7868817204301
"LZ_WEST","2016","01",19.5192607526882
"LZ_WEST","2016","02",15.0444827586207
"LZ_WEST","2016","03",16.0026514131898
"LZ_WEST","2016","04",17.1536666666667
"LZ_WEST","2016","05",17.7375268817204
"LZ_WEST","2016","06",23.4887638888889
"LZ_WEST","2016","07",27.1787903225806
"LZ_WEST","2016","08",30.010564516129
"LZ_WEST","2016","09",26.7676666666667
"LZ_WEST","2016","10",25.1822580645161
"LZ_WEST","2016","11",19.3431388888889
"LZ_WEST","2016","12",25.1658198924731
"LZ_WEST","2017","01",23.2313709677419
"LZ_WEST","2017","02",18.4770535714286
"LZ_WEST","2017","03",20.251197846568
"LZ_WEST","2017","04",20.3885694444444
"LZ_WEST","2017","05",22.8677956989247
"LZ_WEST","2017","06",27.5123194444444
"LZ_WEST","2017","07",31.1301747311828
"LZ_WEST","2017","08",27.2139112903226
"LZ_WEST","2017","09",27.0117777777778
"LZ_WEST","2017","10",22.1733198924731
"LZ_WEST","2017","11",22.1529166666667
"LZ_WEST","2017","12",21.8722580645161
"LZ_WEST","2018","01",37.2933064516129
"LZ_WEST","2018","02",22.1241071428571
"LZ_WEST","2018","03",22.3016285329744
"LZ_WEST","2018","04",21.128125
"LZ_WEST","2018","05",49.6001209677419
"LZ_WEST","2018","06",57.9675277777778
"LZ_WEST","2018","07",101.470967741935
"LZ_WEST","2018","08",33.2898521505376
"LZ_WEST","2018","09",27.1010972222222
"LZ_WEST","2018","10",30.0045564516129
"LZ_WEST","2018","11",31.2240277777778
"LZ_WEST","2018","12",34.9808467741936
"LZ_WEST","2019","01",27.4615322580645
"LZ_WEST","2019","02",22.7989583333333
"LZ_WEST","2019","03",31.2829609690444
"LZ_WEST","2019","04",21.6992361111111
"LZ_WEST","2019","05",28.8519892473118
"LZ_WEST","2019","06",32.0267777777778
"LZ_WEST","2019","07",32.075685483871
"LZ_WEST","2019","08",128.876465053763
"LZ_WEST","2019","09",83.4711388888889
"LZ_WEST","2019","10",49.3833602150538
"LZ_WEST","2019","11",49.3408472222222
"LZ_WEST","2019","12",39.5025940860215
